"comment_content","comment_author_name","comment_author_url","comment_time","comment_liked","comment_hash","comment_At"
"michelleh373
This would be absolutely amazing! We are huge fans of Paul Shaffer and the WSO. Thanks so much for this chance to win @300mainwinnipeg @wpgsymphony. Tagging my older brother @djroger2019 who is also a longtime fan. üçÄüíïüé∂
1w3 likesReply","michelleh373","https://www.instagram.com/michelleh373/","Apr 11, 2022","3","[]","[{""url"":""https://www.instagram.com/300mainwinnipeg/"",""text"":""@300mainwinnipeg""},{""url"":""https://www.instagram.com/wpgsymphony/"",""text"":""@wpgsymphony""},{""url"":""https://www.instagram.com/djroger2019/"",""text"":""@djroger2019""}]"
"syntifik
@the.bonecollector
6d1 likeReply","syntifik","https://www.instagram.com/syntifik/","Apr 13, 2022","1","[]","[{""url"":""https://www.instagram.com/the.bonecollector/"",""text"":""@the.bonecollector""}]"
"syntifik
@maribeth.tabanera
6dReply","syntifik","https://www.instagram.com/syntifik/","Apr 13, 2022",0,"[]","[{""url"":""https://www.instagram.com/maribeth.tabanera/"",""text"":""@maribeth.tabanera""}]"
"syntifik
@aquilaofdraco
6dReply","syntifik","https://www.instagram.com/syntifik/","Apr 13, 2022",0,"[]","[{""url"":""https://www.instagram.com/aquilaofdraco/"",""text"":""@aquilaofdraco""}]"
"syntifik
@meaghan_hope
6dReply","syntifik","https://www.instagram.com/syntifik/","Apr 13, 2022",0,"[]","[{""url"":""https://www.instagram.com/meaghan_hope/"",""text"":""@meaghan_hope""}]"
"syntifik
@luke_antonio
6dReply","syntifik","https://www.instagram.com/syntifik/","Apr 13, 2022",0,"[]","[{""url"":""https://www.instagram.com/luke_antonio/"",""text"":""@luke_antonio""}]"
"syntifik
@ohm_pigeon
6dReply","syntifik","https://www.instagram.com/syntifik/","Apr 13, 2022",0,"[]","[{""url"":""https://www.instagram.com/ohm_pigeon/"",""text"":""@ohm_pigeon""}]"
"syntifik
@epoch555
6dReply","syntifik","https://www.instagram.com/syntifik/","Apr 13, 2022",0,"[]","[{""url"":""https://www.instagram.com/epoch555/"",""text"":""@epoch555""}]"
"syntifik
@coliwogdj
6dReply","syntifik","https://www.instagram.com/syntifik/","Apr 13, 2022",0,"[]","[{""url"":""https://www.instagram.com/coliwogdj/"",""text"":""@coliwogdj""}]"
"syntifik
@kay.lizon
6dReply","syntifik","https://www.instagram.com/syntifik/","Apr 13, 2022",0,"[]","[{""url"":""https://www.instagram.com/kay.lizon/"",""text"":""@kay.lizon""}]"
"syntifik
@nast.b.v
6dReply","syntifik","https://www.instagram.com/syntifik/","Apr 13, 2022",0,"[]","[{""url"":""https://www.instagram.com/nast.b.v/"",""text"":""@nast.b.v""}]"
"syntifik
@tbuen0
6dReply","syntifik","https://www.instagram.com/syntifik/","Apr 13, 2022",0,"[]","[{""url"":""https://www.instagram.com/tbuen0/"",""text"":""@tbuen0""}]"
"syntifik
@vumpler
6dReply","syntifik","https://www.instagram.com/syntifik/","Apr 13, 2022",0,"[]","[{""url"":""https://www.instagram.com/vumpler/"",""text"":""@vumpler""}]"
"anderson_irenee_r
@karaleereede
6d1 likeReply","anderson_irenee_r","https://www.instagram.com/anderson_irenee_r/","Apr 13, 2022","1","[]","[{""url"":""https://www.instagram.com/karaleereede/"",""text"":""@karaleereede""}]"
"agganderson
@cindy_isspringevercoming
6dReply","agganderson","https://www.instagram.com/agganderson/","Apr 13, 2022",0,"[]","[{""url"":""https://www.instagram.com/cindy_isspringevercoming/"",""text"":""@cindy_isspringevercoming""}]"
"agganderson
@givemechocolateanddogs
6dReply","agganderson","https://www.instagram.com/agganderson/","Apr 13, 2022",0,"[]","[{""url"":""https://www.instagram.com/givemechocolateanddogs/"",""text"":""@givemechocolateanddogs""}]"
"agganderson
@kindnessisachoice42
6dReply","agganderson","https://www.instagram.com/agganderson/","Apr 13, 2022",0,"[]","[{""url"":""https://www.instagram.com/kindnessisachoice42/"",""text"":""@kindnessisachoice42""}]"
"agganderson
@anderson_irenee_r
6dReply","agganderson","https://www.instagram.com/agganderson/","Apr 13, 2022",0,"[]","[{""url"":""https://www.instagram.com/anderson_irenee_r/"",""text"":""@anderson_irenee_r""}]"
"agganderson
@foldedpages_204
6dReply","agganderson","https://www.instagram.com/agganderson/","Apr 13, 2022",0,"[]","[{""url"":""https://www.instagram.com/foldedpages_204/"",""text"":""@foldedpages_204""}]"
"agganderson
@cherylannbyard
6dReply","agganderson","https://www.instagram.com/agganderson/","Apr 13, 2022",0,"[]","[{""url"":""https://www.instagram.com/cherylannbyard/"",""text"":""@cherylannbyard""}]"
"anderson_irenee_r
@givemechocolateanddogs
6dReply","anderson_irenee_r","https://www.instagram.com/anderson_irenee_r/","Apr 13, 2022",0,"[]","[{""url"":""https://www.instagram.com/givemechocolateanddogs/"",""text"":""@givemechocolateanddogs""}]"
"anderson_irenee_r
@foldedpages_204
6dReply","anderson_irenee_r","https://www.instagram.com/anderson_irenee_r/","Apr 13, 2022",0,"[]","[{""url"":""https://www.instagram.com/foldedpages_204/"",""text"":""@foldedpages_204""}]"
"agganderson
@chuckiesmom3
6dReply","agganderson","https://www.instagram.com/agganderson/","Apr 13, 2022",0,"[]","[{""url"":""https://www.instagram.com/chuckiesmom3/"",""text"":""@chuckiesmom3""}]"
"anderson_irenee_r
@cherylannbyard
6dReply","anderson_irenee_r","https://www.instagram.com/anderson_irenee_r/","Apr 13, 2022",0,"[]","[{""url"":""https://www.instagram.com/cherylannbyard/"",""text"":""@cherylannbyard""}]"
"agganderson
@lajc__2810
6dReply","agganderson","https://www.instagram.com/agganderson/","Apr 13, 2022",0,"[]","[{""url"":""https://www.instagram.com/lajc__2810/"",""text"":""@lajc__2810""}]"
"anderson_irenee_r
@jayleneashley001
6dReply","anderson_irenee_r","https://www.instagram.com/anderson_irenee_r/","Apr 13, 2022",0,"[]","[{""url"":""https://www.instagram.com/jayleneashley001/"",""text"":""@jayleneashley001""}]"
"anderson_irenee_r
@agganderson
6dReply","anderson_irenee_r","https://www.instagram.com/anderson_irenee_r/","Apr 13, 2022",0,"[]","[{""url"":""https://www.instagram.com/agganderson/"",""text"":""@agganderson""}]"
"agganderson
@scottienah
6dReply","agganderson","https://www.instagram.com/agganderson/","Apr 13, 2022",0,"[]","[{""url"":""https://www.instagram.com/scottienah/"",""text"":""@scottienah""}]"
"anderson_irenee_r
@lajc__2810
6dReply","anderson_irenee_r","https://www.instagram.com/anderson_irenee_r/","Apr 13, 2022",0,"[]","[{""url"":""https://www.instagram.com/lajc__2810/"",""text"":""@lajc__2810""}]"
"agganderson
@heidip1284
6dReply","agganderson","https://www.instagram.com/agganderson/","Apr 13, 2022",0,"[]","[{""url"":""https://www.instagram.com/heidip1284/"",""text"":""@heidip1284""}]"
"anderson_irenee_r
@kindnessisachoice42
6dReply","anderson_irenee_r","https://www.instagram.com/anderson_irenee_r/","Apr 13, 2022",0,"[]","[{""url"":""https://www.instagram.com/kindnessisachoice42/"",""text"":""@kindnessisachoice42""}]"
"anderson_irenee_r
@scottienah
6dReply","anderson_irenee_r","https://www.instagram.com/anderson_irenee_r/","Apr 13, 2022",0,"[]","[{""url"":""https://www.instagram.com/scottienah/"",""text"":""@scottienah""}]"
"anderson_irenee_r
@prairiebelle44
6dReply","anderson_irenee_r","https://www.instagram.com/anderson_irenee_r/","Apr 13, 2022",0,"[]","[{""url"":""https://www.instagram.com/prairiebelle44/"",""text"":""@prairiebelle44""}]"
"anderson_irenee_r
@cdnpaular
6dReply","anderson_irenee_r","https://www.instagram.com/anderson_irenee_r/","Apr 13, 2022",0,"[]","[{""url"":""https://www.instagram.com/cdnpaular/"",""text"":""@cdnpaular""}]"
"agganderson
@babeejaws
6dReply","agganderson","https://www.instagram.com/agganderson/","Apr 13, 2022",0,"[]","[{""url"":""https://www.instagram.com/babeejaws/"",""text"":""@babeejaws""}]"
"anderson_irenee_r
@gelfwings
6dReply","anderson_irenee_r","https://www.instagram.com/anderson_irenee_r/","Apr 13, 2022",0,"[]","[{""url"":""https://www.instagram.com/gelfwings/"",""text"":""@gelfwings""}]"
"agganderson
@trishyzee
6dReply","agganderson","https://www.instagram.com/agganderson/","Apr 13, 2022",0,"[]","[{""url"":""https://www.instagram.com/trishyzee/"",""text"":""@trishyzee""}]"
"anderson_irenee_r
@trishyzee
6dReply","anderson_irenee_r","https://www.instagram.com/anderson_irenee_r/","Apr 13, 2022",0,"[]","[{""url"":""https://www.instagram.com/trishyzee/"",""text"":""@trishyzee""}]"
"anderson_irenee_r
@safetytracy911
6dReply","anderson_irenee_r","https://www.instagram.com/anderson_irenee_r/","Apr 13, 2022",0,"[]","[{""url"":""https://www.instagram.com/safetytracy911/"",""text"":""@safetytracy911""}]"
"anderson_irenee_r
@heidip1284
6dReply","anderson_irenee_r","https://www.instagram.com/anderson_irenee_r/","Apr 13, 2022",0,"[]","[{""url"":""https://www.instagram.com/heidip1284/"",""text"":""@heidip1284""}]"
"anderson_irenee_r
@kevrich321
6dReply","anderson_irenee_r","https://www.instagram.com/anderson_irenee_r/","Apr 13, 2022",0,"[]","[{""url"":""https://www.instagram.com/kevrich321/"",""text"":""@kevrich321""}]"
"agganderson
@safetytracy911
6dReply","agganderson","https://www.instagram.com/agganderson/","Apr 13, 2022",0,"[]","[{""url"":""https://www.instagram.com/safetytracy911/"",""text"":""@safetytracy911""}]"
"anderson_irenee_r
@scottienah
6dReply","anderson_irenee_r","https://www.instagram.com/anderson_irenee_r/","Apr 13, 2022",0,"[]","[{""url"":""https://www.instagram.com/scottienah/"",""text"":""@scottienah""}]"
"agganderson
@cdnpaular
6dReply","agganderson","https://www.instagram.com/agganderson/","Apr 13, 2022",0,"[]","[{""url"":""https://www.instagram.com/cdnpaular/"",""text"":""@cdnpaular""}]"
"agganderson
@cherylannbyard
6dReply","agganderson","https://www.instagram.com/agganderson/","Apr 13, 2022",0,"[]","[{""url"":""https://www.instagram.com/cherylannbyard/"",""text"":""@cherylannbyard""}]"
"agganderson
@the_steve_in_wpg
6dReply","agganderson","https://www.instagram.com/agganderson/","Apr 13, 2022",0,"[]","[{""url"":""https://www.instagram.com/the_steve_in_wpg/"",""text"":""@the_steve_in_wpg""}]"
"agganderson
@kevrich321
6dReply","agganderson","https://www.instagram.com/agganderson/","Apr 13, 2022",0,"[]","[{""url"":""https://www.instagram.com/kevrich321/"",""text"":""@kevrich321""}]"
"agganderson
@karaleereede
6d1 likeReply","agganderson","https://www.instagram.com/agganderson/","Apr 13, 2022","1","[]","[{""url"":""https://www.instagram.com/karaleereede/"",""text"":""@karaleereede""}]"
"agganderson
@prairiebelle44
6dReply","agganderson","https://www.instagram.com/agganderson/","Apr 13, 2022",0,"[]","[{""url"":""https://www.instagram.com/prairiebelle44/"",""text"":""@prairiebelle44""}]"
"agganderson
@jayleneashley001
6dReply","agganderson","https://www.instagram.com/agganderson/","Apr 13, 2022",0,"[]","[{""url"":""https://www.instagram.com/jayleneashley001/"",""text"":""@jayleneashley001""}]"
"michelleh373
@ellezayac üçÄüíïüé∂
1w1 likeReply","michelleh373","https://www.instagram.com/michelleh373/","Apr 11, 2022","1","[]","[{""url"":""https://www.instagram.com/ellezayac/"",""text"":""@ellezayac""}]"
"michelleh373
@barbmcmillin üçÄüíïüé∂
1wReply","michelleh373","https://www.instagram.com/michelleh373/","Apr 11, 2022",0,"[]","[{""url"":""https://www.instagram.com/barbmcmillin/"",""text"":""@barbmcmillin""}]"
"michelleh373
@elly_magoo üçÄüíïüé∂
1wReply","michelleh373","https://www.instagram.com/michelleh373/","Apr 11, 2022",0,"[]","[{""url"":""https://www.instagram.com/elly_magoo/"",""text"":""@elly_magoo""}]"
"claudinegervais
@hkproctor
1w1 likeReply","claudinegervais","https://www.instagram.com/claudinegervais/","Apr 11, 2022","1","[]","[{""url"":""https://www.instagram.com/hkproctor/"",""text"":""@hkproctor""}]"
"michelleh373
@craigwpg üçÄüíïüé∂
1wReply","michelleh373","https://www.instagram.com/michelleh373/","Apr 11, 2022",0,"[]","[{""url"":""https://www.instagram.com/craigwpg/"",""text"":""@craigwpg""}]"
"michelleh373
@craftycat9 üçÄüíïüé∂
1wReply","michelleh373","https://www.instagram.com/michelleh373/","Apr 11, 2022",0,"[]","[{""url"":""https://www.instagram.com/craftycat9/"",""text"":""@craftycat9""}]"
"lavadorcreative
@burningtamashii
1wReply","lavadorcreative","https://www.instagram.com/lavadorcreative/","Apr 11, 2022",0,"[]","[{""url"":""https://www.instagram.com/burningtamashii/"",""text"":""@burningtamashii""}]"
"aaronnario
@kusinanicarolina
1w1 likeReply","aaronnario","https://www.instagram.com/aaronnario/","Apr 11, 2022","1","[]","[{""url"":""https://www.instagram.com/kusinanicarolina/"",""text"":""@kusinanicarolina""}]"
"aaronnario
@taliargowdar
1wReply","aaronnario","https://www.instagram.com/aaronnario/","Apr 11, 2022",0,"[]","[{""url"":""https://www.instagram.com/taliargowdar/"",""text"":""@taliargowdar""}]"
"aaronnario
@tessamorelli
1wReply","aaronnario","https://www.instagram.com/aaronnario/","Apr 11, 2022",0,"[]","[{""url"":""https://www.instagram.com/tessamorelli/"",""text"":""@tessamorelli""}]"
"aaronnario
@vicki_harder
1wReply","aaronnario","https://www.instagram.com/aaronnario/","Apr 11, 2022",0,"[]","[{""url"":""https://www.instagram.com/vicki_harder/"",""text"":""@vicki_harder""}]"
"aaronnario
@mackenziehartle
1wReply","aaronnario","https://www.instagram.com/aaronnario/","Apr 11, 2022",0,"[]","[{""url"":""https://www.instagram.com/mackenziehartle/"",""text"":""@mackenziehartle""}]"
"aaronnario
@sarahremple
1wReply","aaronnario","https://www.instagram.com/aaronnario/","Apr 11, 2022",0,"[]","[{""url"":""https://www.instagram.com/sarahremple/"",""text"":""@sarahremple""}]"
"aaronnario
@adriana.kiz
1wReply","aaronnario","https://www.instagram.com/aaronnario/","Apr 11, 2022",0,"[]","[{""url"":""https://www.instagram.com/adriana.kiz/"",""text"":""@adriana.kiz""}]"
"aaronnario
@misscn6
1wReply","aaronnario","https://www.instagram.com/aaronnario/","Apr 11, 2022",0,"[]","[{""url"":""https://www.instagram.com/misscn6/"",""text"":""@misscn6""}]"
"aaronnario
@mackd13
1wReply","aaronnario","https://www.instagram.com/aaronnario/","Apr 11, 2022",0,"[]","[{""url"":""https://www.instagram.com/mackd13/"",""text"":""@mackd13""}]"
"jacquief
@emilyfortier
1w2 likesReply","jacquief","https://www.instagram.com/jacquief/","Apr 11, 2022","2","[]","[{""url"":""https://www.instagram.com/emilyfortier/"",""text"":""@emilyfortier""}]"
"jacquief
@thomasfortiersilva
1w2 likesReply","jacquief","https://www.instagram.com/jacquief/","Apr 11, 2022","2","[]","[{""url"":""https://www.instagram.com/thomasfortiersilva/"",""text"":""@thomasfortiersilva""}]"
"aaronnario
@averieh9860
1w1 likeReply","aaronnario","https://www.instagram.com/aaronnario/","Apr 11, 2022","1","[]","[{""url"":""https://www.instagram.com/averieh9860/"",""text"":""@averieh9860""}]"
"djroger2019
Tagging @mark.joss
1wReply","djroger2019","https://www.instagram.com/djroger2019/","Apr 11, 2022",0,"[]","[{""url"":""https://www.instagram.com/mark.joss/"",""text"":""@mark.joss""}]"
"djroger2019
Tagging @vorstypeg
1wReply","djroger2019","https://www.instagram.com/djroger2019/","Apr 11, 2022",0,"[]","[{""url"":""https://www.instagram.com/vorstypeg/"",""text"":""@vorstypeg""}]"
"djroger2019
Tagging @djgillesg
1wReply","djroger2019","https://www.instagram.com/djroger2019/","Apr 11, 2022",0,"[]","[{""url"":""https://www.instagram.com/djgillesg/"",""text"":""@djgillesg""}]"
"djroger2019
Tagging @craigwpg
1wReply","djroger2019","https://www.instagram.com/djroger2019/","Apr 11, 2022",0,"[]","[{""url"":""https://www.instagram.com/craigwpg/"",""text"":""@craigwpg""}]"
"anderson_irenee_r
@babeejaws
6dReply","anderson_irenee_r","https://www.instagram.com/anderson_irenee_r/","Apr 13, 2022",0,"[]","[{""url"":""https://www.instagram.com/babeejaws/"",""text"":""@babeejaws""}]"
"djroger2019
Tagging @michelleh373
1wReply","djroger2019","https://www.instagram.com/djroger2019/","Apr 11, 2022",0,"[]","[{""url"":""https://www.instagram.com/michelleh373/"",""text"":""@michelleh373""}]"
"janettography
@forceoftheshore
1wReply","janettography","https://www.instagram.com/janettography/","Apr 11, 2022",0,"[]","[{""url"":""https://www.instagram.com/forceoftheshore/"",""text"":""@forceoftheshore""}]"
"its_juststar
@yesits_kris
1wReply","its_juststar","https://www.instagram.com/its_juststar/","Apr 11, 2022",0,"[]","[{""url"":""https://www.instagram.com/yesits_kris/"",""text"":""@yesits_kris""}]"
"killersmile427
@cjharris_photography
1wReply","killersmile427","https://www.instagram.com/killersmile427/","Apr 11, 2022",0,"[]","[{""url"":""https://www.instagram.com/cjharris_photography/"",""text"":""@cjharris_photography""}]"
"killersmile427
@jamesbondrock
1wReply","killersmile427","https://www.instagram.com/killersmile427/","Apr 11, 2022",0,"[]","[{""url"":""https://www.instagram.com/jamesbondrock/"",""text"":""@jamesbondrock""}]"
"killersmile427
@britt.is.okay
1wReply","killersmile427","https://www.instagram.com/killersmile427/","Apr 11, 2022",0,"[]","[{""url"":""https://www.instagram.com/britt.is.okay/"",""text"":""@britt.is.okay""}]"
"killersmile427
@rochilelli
1wReply","killersmile427","https://www.instagram.com/killersmile427/","Apr 11, 2022",0,"[]","[{""url"":""https://www.instagram.com/rochilelli/"",""text"":""@rochilelli""}]"
"killersmile427
@mac.franc
1wReply","killersmile427","https://www.instagram.com/killersmile427/","Apr 11, 2022",0,"[]","[{""url"":""https://www.instagram.com/mac.franc/"",""text"":""@mac.franc""}]"
"killersmile427
@lajudge69
1wReply","killersmile427","https://www.instagram.com/killersmile427/","Apr 11, 2022",0,"[]","[{""url"":""https://www.instagram.com/lajudge69/"",""text"":""@lajudge69""}]"
"jennyjennjenesis
@shoegal7676
1wReply","jennyjennjenesis","https://www.instagram.com/jennyjennjenesis/","Apr 11, 2022",0,"[]","[{""url"":""https://www.instagram.com/shoegal7676/"",""text"":""@shoegal7676""}]"
"paultrokajlo
@tatmartineau
1wReply","paultrokajlo","https://www.instagram.com/paultrokajlo/","Apr 11, 2022",0,"[]","[{""url"":""https://www.instagram.com/tatmartineau/"",""text"":""@tatmartineau""}]"
"chloeanna2003
@rcvroom
1wReply","chloeanna2003","https://www.instagram.com/chloeanna2003/","Apr 11, 2022",0,"[]","[{""url"":""https://www.instagram.com/rcvroom/"",""text"":""@rcvroom""}]"
"monicaserban
@matnowak
1wReply","monicaserban","https://www.instagram.com/monicaserban/","Apr 11, 2022",0,"[]","[{""url"":""https://www.instagram.com/matnowak/"",""text"":""@matnowak""}]"
"debbdebb1963
@doughaworth
1wReply","debbdebb1963","https://www.instagram.com/debbdebb1963/","Apr 11, 2022",0,"[]","[{""url"":""https://www.instagram.com/doughaworth/"",""text"":""@doughaworth""}]"
"anderson_irenee_r
@cindy_isspringevercoming
6dReply","anderson_irenee_r","https://www.instagram.com/anderson_irenee_r/","Apr 13, 2022",0,"[]","[{""url"":""https://www.instagram.com/cindy_isspringevercoming/"",""text"":""@cindy_isspringevercoming""}]"
"tilkeh
@grant_siemens
1w1 likeReply","tilkeh","https://www.instagram.com/tilkeh/","Apr 11, 2022","1","[]","[{""url"":""https://www.instagram.com/grant_siemens/"",""text"":""@grant_siemens""}]"
"michelleh373
@nattymagoo üçÄüíïüé∂
1wReply","michelleh373","https://www.instagram.com/michelleh373/","Apr 11, 2022",0,"[]","[{""url"":""https://www.instagram.com/nattymagoo/"",""text"":""@nattymagoo""}]"
"cobrasass_
@janeen.bates
1wReply","cobrasass_","https://www.instagram.com/cobrasass_/","Apr 12, 2022",0,"[]","[{""url"":""https://www.instagram.com/janeen.bates/"",""text"":""@janeen.bates""}]"
"aaronnario
@paityndevlin
1wReply","aaronnario","https://www.instagram.com/aaronnario/","Apr 11, 2022",0,"[]","[{""url"":""https://www.instagram.com/paityndevlin/"",""text"":""@paityndevlin""}]"
"aaronnario
@rebeccamartiin
1wReply","aaronnario","https://www.instagram.com/aaronnario/","Apr 11, 2022",0,"[]","[{""url"":""https://www.instagram.com/rebeccamartiin/"",""text"":""@rebeccamartiin""}]"
"killersmile427
@tlmcullen
1wReply","killersmile427","https://www.instagram.com/killersmile427/","Apr 11, 2022",0,"[]","[{""url"":""https://www.instagram.com/tlmcullen/"",""text"":""@tlmcullen""}]"
"killersmile427
@tarraraboomba
1wReply","killersmile427","https://www.instagram.com/killersmile427/","Apr 11, 2022",0,"[]","[{""url"":""https://www.instagram.com/tarraraboomba/"",""text"":""@tarraraboomba""}]"
"chloeanna2003
@xannyspamz
1wReply","chloeanna2003","https://www.instagram.com/chloeanna2003/","Apr 11, 2022",0,"[]","[{""url"":""https://www.instagram.com/xannyspamz/"",""text"":""@xannyspamz""}]"
"aaronnario
@tannererchwartacki
1w1 likeReply","aaronnario","https://www.instagram.com/aaronnario/","Apr 11, 2022","1","[]","[{""url"":""https://www.instagram.com/tannererchwartacki/"",""text"":""@tannererchwartacki""}]"
"killersmile427
@kev_thomas_
1wReply","killersmile427","https://www.instagram.com/killersmile427/","Apr 11, 2022",0,"[]","[{""url"":""https://www.instagram.com/kev_thomas_/"",""text"":""@kev_thomas_""}]"
"syntifik
@jamie.boit
6dReply","syntifik","https://www.instagram.com/syntifik/","Apr 13, 2022",0,"[]","[{""url"":""https://www.instagram.com/jamie.boit/"",""text"":""@jamie.boit""}]"
"syntifik
@cat.bus
6dReply","syntifik","https://www.instagram.com/syntifik/","Apr 13, 2022",0,"[]","[{""url"":""https://www.instagram.com/cat.bus/"",""text"":""@cat.bus""}]"
"syntifik
@homebase204
6dReply
View replies (1)","syntifik","https://www.instagram.com/syntifik/","Apr 13, 2022",0,"[]","[{""url"":""https://www.instagram.com/homebase204/"",""text"":""@homebase204""}]"
"syntifik
@liliana_wills
6d1 likeReply","syntifik","https://www.instagram.com/syntifik/","Apr 13, 2022","1","[]","[{""url"":""https://www.instagram.com/liliana_wills/"",""text"":""@liliana_wills""}]"
"syntifik
@jerryjaybueno
6dReply","syntifik","https://www.instagram.com/syntifik/","Apr 13, 2022",0,"[]","[{""url"":""https://www.instagram.com/jerryjaybueno/"",""text"":""@jerryjaybueno""}]"
"diane3d
@hailey.storm20
6dReply","diane3d","https://www.instagram.com/diane3d/","Apr 13, 2022",0,"[]","[{""url"":""https://www.instagram.com/hailey.storm20/"",""text"":""@hailey.storm20""}]"
"johnstephenjr_
@jessccee_
6dReply","johnstephenjr_","https://www.instagram.com/johnstephenjr_/","Apr 13, 2022",0,"[]","[{""url"":""https://www.instagram.com/jessccee_/"",""text"":""@jessccee_""}]"
"johnstephenjr_
@jessccee.grooming
6dReply","johnstephenjr_","https://www.instagram.com/johnstephenjr_/","Apr 13, 2022",0,"[]","[{""url"":""https://www.instagram.com/jessccee.grooming/"",""text"":""@jessccee.grooming""}]"
"florencevandijk
@mackjayne
6dReply","florencevandijk","https://www.instagram.com/florencevandijk/","Apr 13, 2022",0,"[]","[{""url"":""https://www.instagram.com/mackjayne/"",""text"":""@mackjayne""}]"
"florencevandijk
@emilielemay.art
6d1 likeReply
View replies (1)","florencevandijk","https://www.instagram.com/florencevandijk/","Apr 13, 2022","1","[]","[{""url"":""https://www.instagram.com/emilielemay.art/"",""text"":""@emilielemay.art""}]"
"florencevandijk
@pop.and.emm
6d1 likeReply","florencevandijk","https://www.instagram.com/florencevandijk/","Apr 13, 2022","1","[]","[{""url"":""https://www.instagram.com/pop.and.emm/"",""text"":""@pop.and.emm""}]"
"luke_antonio
@jdlyndy
5dReply","luke_antonio","https://www.instagram.com/luke_antonio/","Apr 13, 2022",0,"[]","[{""url"":""https://www.instagram.com/jdlyndy/"",""text"":""@jdlyndy""}]"
"angellemeg
@pocohono1995
5dReply","angellemeg","https://www.instagram.com/angellemeg/","Apr 13, 2022",0,"[]","[{""url"":""https://www.instagram.com/pocohono1995/"",""text"":""@pocohono1995""}]"
"cindy_isspringevercoming
@holly11_11n
5dReply","cindy_isspringevercoming","https://www.instagram.com/cindy_isspringevercoming/","Apr 13, 2022",0,"[]","[{""url"":""https://www.instagram.com/holly11_11n/"",""text"":""@holly11_11n""}]"
"cindy_isspringevercoming
@gobeebjg
5dReply","cindy_isspringevercoming","https://www.instagram.com/cindy_isspringevercoming/","Apr 13, 2022",0,"[]","[{""url"":""https://www.instagram.com/gobeebjg/"",""text"":""@gobeebjg""}]"
"cindy_isspringevercoming
@scottienah
5dReply","cindy_isspringevercoming","https://www.instagram.com/cindy_isspringevercoming/","Apr 13, 2022",0,"[]","[{""url"":""https://www.instagram.com/scottienah/"",""text"":""@scottienah""}]"
"cindy_isspringevercoming
@peppypat
5dReply","cindy_isspringevercoming","https://www.instagram.com/cindy_isspringevercoming/","Apr 13, 2022",0,"[]","[{""url"":""https://www.instagram.com/peppypat/"",""text"":""@peppypat""}]"
"cindy_isspringevercoming
@agganderson
5dReply","cindy_isspringevercoming","https://www.instagram.com/cindy_isspringevercoming/","Apr 13, 2022",0,"[]","[{""url"":""https://www.instagram.com/agganderson/"",""text"":""@agganderson""}]"
"cindy_isspringevercoming
@anderson_irenee_r
5dReply","cindy_isspringevercoming","https://www.instagram.com/cindy_isspringevercoming/","Apr 13, 2022",0,"[]","[{""url"":""https://www.instagram.com/anderson_irenee_r/"",""text"":""@anderson_irenee_r""}]"
"cindy_isspringevercoming
@the_steve_in_wpg
5dReply","cindy_isspringevercoming","https://www.instagram.com/cindy_isspringevercoming/","Apr 13, 2022",0,"[]","[{""url"":""https://www.instagram.com/the_steve_in_wpg/"",""text"":""@the_steve_in_wpg""}]"
"cindy_isspringevercoming
@ivymandias
5dReply","cindy_isspringevercoming","https://www.instagram.com/cindy_isspringevercoming/","Apr 13, 2022",0,"[]","[{""url"":""https://www.instagram.com/ivymandias/"",""text"":""@ivymandias""}]"
"cindy_isspringevercoming
@cherylannbyard
5dReply","cindy_isspringevercoming","https://www.instagram.com/cindy_isspringevercoming/","Apr 13, 2022",0,"[]","[{""url"":""https://www.instagram.com/cherylannbyard/"",""text"":""@cherylannbyard""}]"
"cindy_isspringevercoming
@204sassyspartan
5dReply","cindy_isspringevercoming","https://www.instagram.com/cindy_isspringevercoming/","Apr 13, 2022",0,"[]","[{""url"":""https://www.instagram.com/204sassyspartan/"",""text"":""@204sassyspartan""}]"
"cindy_isspringevercoming
@204eatsandtreats
5dReply","cindy_isspringevercoming","https://www.instagram.com/cindy_isspringevercoming/","Apr 13, 2022",0,"[]","[{""url"":""https://www.instagram.com/204eatsandtreats/"",""text"":""@204eatsandtreats""}]"
"cindy_isspringevercoming
@janice.cournoyer
5dReply","cindy_isspringevercoming","https://www.instagram.com/cindy_isspringevercoming/","Apr 13, 2022",0,"[]","[{""url"":""https://www.instagram.com/janice.cournoyer/"",""text"":""@janice.cournoyer""}]"
"cindy_isspringevercoming
@foldedpages_204
5dReply","cindy_isspringevercoming","https://www.instagram.com/cindy_isspringevercoming/","Apr 13, 2022",0,"[]","[{""url"":""https://www.instagram.com/foldedpages_204/"",""text"":""@foldedpages_204""}]"
"2222applepie
@25cottonwood
5dReply","2222applepie","https://www.instagram.com/2222applepie/","Apr 13, 2022",0,"[]","[{""url"":""https://www.instagram.com/25cottonwood/"",""text"":""@25cottonwood""}]"
"2222applepie
@4jetsfourlife
5dReply","2222applepie","https://www.instagram.com/2222applepie/","Apr 13, 2022",0,"[]","[{""url"":""https://www.instagram.com/4jetsfourlife/"",""text"":""@4jetsfourlife""}]"
"2222applepie
@525broomcat
5dReply","2222applepie","https://www.instagram.com/2222applepie/","Apr 13, 2022",0,"[]","[{""url"":""https://www.instagram.com/525broomcat/"",""text"":""@525broomcat""}]"
"2222applepie
@suzygill57
5dReply","2222applepie","https://www.instagram.com/2222applepie/","Apr 13, 2022",0,"[]","[{""url"":""https://www.instagram.com/suzygill57/"",""text"":""@suzygill57""}]"
"2222applepie
@6labsleaping
5dReply","2222applepie","https://www.instagram.com/2222applepie/","Apr 13, 2022",0,"[]","[{""url"":""https://www.instagram.com/6labsleaping/"",""text"":""@6labsleaping""}]"
"2222applepie
@88__flyguy
5dReply","2222applepie","https://www.instagram.com/2222applepie/","Apr 13, 2022",0,"[]","[{""url"":""https://www.instagram.com/88__flyguy/"",""text"":""@88__flyguy""}]"
"2222applepie
@99best_player
5dReply","2222applepie","https://www.instagram.com/2222applepie/","Apr 13, 2022",0,"[]","[{""url"":""https://www.instagram.com/99best_player/"",""text"":""@99best_player""}]"
"2222applepie
@melaniasorrriso
5dReply","2222applepie","https://www.instagram.com/2222applepie/","Apr 13, 2022",0,"[]","[{""url"":""https://www.instagram.com/melaniasorrriso/"",""text"":""@melaniasorrriso""}]"
"2222applepie
@merepiii.ciss
5dReply","2222applepie","https://www.instagram.com/2222applepie/","Apr 13, 2022",0,"[]","[{""url"":""https://www.instagram.com/merepiii.ciss/"",""text"":""@merepiii.ciss""}]"
"2222applepie
@mannyblatt
5dReply","2222applepie","https://www.instagram.com/2222applepie/","Apr 13, 2022",0,"[]","[{""url"":""https://www.instagram.com/mannyblatt/"",""text"":""@mannyblatt""}]"
"2222applepie
@helenmcabee6148
5dReply","2222applepie","https://www.instagram.com/2222applepie/","Apr 13, 2022",0,"[]","[{""url"":""https://www.instagram.com/helenmcabee6148/"",""text"":""@helenmcabee6148""}]"
"2222applepie
@rainbowjuice101
5dReply","2222applepie","https://www.instagram.com/2222applepie/","Apr 13, 2022",0,"[]","[{""url"":""https://www.instagram.com/rainbowjuice101/"",""text"":""@rainbowjuice101""}]"
"cat.bus
@kay.lizon
5d1 likeReply","cat.bus","https://www.instagram.com/cat.bus/","Apr 14, 2022","1","[]","[{""url"":""https://www.instagram.com/kay.lizon/"",""text"":""@kay.lizon""}]"
"cindy_isspringevercoming
@armcournoyer
5dReply","cindy_isspringevercoming","https://www.instagram.com/cindy_isspringevercoming/","Apr 14, 2022",0,"[]","[{""url"":""https://www.instagram.com/armcournoyer/"",""text"":""@armcournoyer""}]"
"cindy_isspringevercoming
@lajc__2810
5dReply","cindy_isspringevercoming","https://www.instagram.com/cindy_isspringevercoming/","Apr 14, 2022",0,"[]","[{""url"":""https://www.instagram.com/lajc__2810/"",""text"":""@lajc__2810""}]"
"cindy_isspringevercoming
@kym.schmidt.3
5dReply","cindy_isspringevercoming","https://www.instagram.com/cindy_isspringevercoming/","Apr 14, 2022",0,"[]","[{""url"":""https://www.instagram.com/kym.schmidt.3/"",""text"":""@kym.schmidt.3""}]"
"cindy_isspringevercoming
@cairns2
5d1 likeReply","cindy_isspringevercoming","https://www.instagram.com/cindy_isspringevercoming/","Apr 14, 2022","1","[]","[{""url"":""https://www.instagram.com/cairns2/"",""text"":""@cairns2""}]"
"cindy_isspringevercoming
@karen.caines
5dReply","cindy_isspringevercoming","https://www.instagram.com/cindy_isspringevercoming/","Apr 14, 2022",0,"[]","[{""url"":""https://www.instagram.com/karen.caines/"",""text"":""@karen.caines""}]"
"cindy_isspringevercoming
@huggins652000
5dReply","cindy_isspringevercoming","https://www.instagram.com/cindy_isspringevercoming/","Apr 14, 2022",0,"[]","[{""url"":""https://www.instagram.com/huggins652000/"",""text"":""@huggins652000""}]"
"wohmike_
@bimbolaaa_
5dReply","wohmike_","https://www.instagram.com/wohmike_/","Apr 14, 2022",0,"[]","[{""url"":""https://www.instagram.com/bimbolaaa_/"",""text"":""@bimbolaaa_""}]"
"wohmike_
@_bisolao
5d1 likeReply
View replies (1)","wohmike_","https://www.instagram.com/wohmike_/","Apr 14, 2022","1","[]","[{""url"":""https://www.instagram.com/_bisolao/"",""text"":""@_bisolao""}]"
"wohmike_
@tinatttttttt_
5dReply","wohmike_","https://www.instagram.com/wohmike_/","Apr 14, 2022",0,"[]","[{""url"":""https://www.instagram.com/tinatttttttt_/"",""text"":""@tinatttttttt_""}]"
"wohmike_
@frahncess_
5dReply","wohmike_","https://www.instagram.com/wohmike_/","Apr 14, 2022",0,"[]","[{""url"":""https://www.instagram.com/frahncess_/"",""text"":""@frahncess_""}]"
"wohmike_
@_crownedbye_
5dReply","wohmike_","https://www.instagram.com/wohmike_/","Apr 14, 2022",0,"[]","[{""url"":""https://www.instagram.com/_crownedbye_/"",""text"":""@_crownedbye_""}]"
"wohmike_
@shethatcaptures
5dReply","wohmike_","https://www.instagram.com/wohmike_/","Apr 14, 2022",0,"[]","[{""url"":""https://www.instagram.com/shethatcaptures/"",""text"":""@shethatcaptures""}]"
"wohmike_
@wolz_a
5dReply","wohmike_","https://www.instagram.com/wohmike_/","Apr 14, 2022",0,"[]","[{""url"":""https://www.instagram.com/wolz_a/"",""text"":""@wolz_a""}]"
"wohmike_
@wonuadebari
5dReply","wohmike_","https://www.instagram.com/wohmike_/","Apr 14, 2022",0,"[]","[{""url"":""https://www.instagram.com/wonuadebari/"",""text"":""@wonuadebari""}]"
"wohmike_
@the_last_black_unicorn_
5dReply","wohmike_","https://www.instagram.com/wohmike_/","Apr 14, 2022",0,"[]","[{""url"":""https://www.instagram.com/the_last_black_unicorn_/"",""text"":""@the_last_black_unicorn_""}]"
"wohmike_
@keith_zander
5dReply","wohmike_","https://www.instagram.com/wohmike_/","Apr 14, 2022",0,"[]","[{""url"":""https://www.instagram.com/keith_zander/"",""text"":""@keith_zander""}]"
"ahsan_m7
@siminabubble
1dReply","ahsan_m7","https://www.instagram.com/ahsan_m7/","Apr 18, 2022",0,"[]","[{""url"":""https://www.instagram.com/siminabubble/"",""text"":""@siminabubble""}]"
"ahsan_m7
@fahmidshumit15
1dReply","ahsan_m7","https://www.instagram.com/ahsan_m7/","Apr 18, 2022",0,"[]","[{""url"":""https://www.instagram.com/fahmidshumit15/"",""text"":""@fahmidshumit15""}]"
"ahsan_m7
@usama__b
1dReply","ahsan_m7","https://www.instagram.com/ahsan_m7/","Apr 18, 2022",0,"[]","[{""url"":""https://www.instagram.com/usama__b/"",""text"":""@usama__b""}]"
"ahsan_m7
@_ammadahmed_
1dReply","ahsan_m7","https://www.instagram.com/ahsan_m7/","Apr 18, 2022",0,"[]","[{""url"":""https://www.instagram.com/_ammadahmed_/"",""text"":""@_ammadahmed_""}]"
"wohmike_
@oa_tife
1hReply","wohmike_","https://www.instagram.com/wohmike_/","Apr 19, 2022",0,"[]","[{""url"":""https://www.instagram.com/oa_tife/"",""text"":""@oa_tife""}]"
"wohmike_
@thera_haircity
1hReply","wohmike_","https://www.instagram.com/wohmike_/","Apr 19, 2022",0,"[]","[{""url"":""https://www.instagram.com/thera_haircity/"",""text"":""@thera_haircity""}]"